Run,Plate,mapped.pos,Gene,Count,Size.mean,Brightness.mean,Avg. Red.mean,Redness.mean,Norm.Brightness.mean,Norm.Avg. Red.mean,Norm.Redness.mean,Size.std,Brightness.std,Avg. Red.std,Redness.std,Norm.Brightness.std,Norm.Avg. Red.std,Norm.Redness.std
2,1,B22,RPS16A,2,98.0,11.8710016835017,,-29.55,0.12260272832137326,,-0.30517676767676766,14.142135623730951,0.26278421203187174,,0.6363961030678917,0.020373965548899708,,0.05053313613025073
2,1,D15,RPS1B,4,97.25,11.9621494708995,,-29.775,0.20003759500713916,,-0.4975277777777778,62.70233913765366,0.8011350210286015,,2.0303940504246953,0.18228274868013877,,0.45288890231018797
2,1,G13,DEP1,1,4.0,11.333333333333302,,-28.2,2.8333333333333255,,-7.05,,,,,,,
2,1,K10,BUD20,1,13.0,10.025641025641,,-25.0,0.7712031558185385,,-1.9230769230769231,,,,,,,
2,2,B19,SNF2,4,83.5,12.155465837981952,,-30.25,0.1526489671014169,,-0.3798061590972771,22.516660498395403,0.9192945651790547,,2.321637353248779,0.03678092523213589,,0.09120762481082229
2,2,C12,RPA49,3,80.33333333333333,11.227779676463888,,-27.96666666666667,0.23943294913621072,,-0.5966119845067214,53.125637251079944,1.5005876126442521,,3.7287173844813375,0.22607338882630276,,0.5636144339930634
2,2,C16,RRP6,2,44.5,10.92266562336985,,-27.200000000000003,0.3815471365257567,,-0.9491784037558686,37.476659402887016,0.08317818422410739,,0.14142135623731025,0.32319753406621854,,0.8025495978959992
2,2,G14,BUB3,4,86.0,12.046549985594948,,-30.0,0.14030540242651282,,-0.3494181894884142,4.966554808583781,0.26468622557491156,,0.6480740698407862,0.0053881749887213955,,0.013687082023353076
2,2,H24,THP1,4,60.0,12.476277746428275,,-31.049999999999997,0.24203880960575047,,-0.602275465540118,24.67117075995111,0.8981709446710426,,2.247220505424425,0.11730600979377614,,0.29161163190445677
2,2,L20,YPL261C,2,78.5,11.98160957400085,,-29.8,0.15471772668831837,,-0.38479084321475626,13.435028842544403,0.16528659828128095,,0.4242640687119295,0.02437389200291946,,0.06045110838503572
2,2,M13,CLA4,4,77.25,12.0858699024307,,-30.099999999999998,0.16444018063550464,,-0.40948477127832844,18.732769861039415,0.26052948003090975,,0.6582805886043852,0.04482755984465765,,0.11133238351894777
2,2,M7,RPS19B,1,60.0,10.833333333333302,,-27.0,0.18055555555555503,,-0.45,,,,,,,
2,2,N6,HFI1,3,63.0,11.5306742640076,,-28.7,0.21025948357857172,,-0.5231617456617457,26.057628441590765,0.3019756664321129,,0.7810249675906653,0.10227289155436095,,0.25404504830007096
2,3,C6,FZO1,4,87.25,12.595092975131273,,-31.375,0.14950912344920214,,-0.3724805380529451,22.18670773233379,0.9232621618495684,,2.2794370650082274,0.02729880996682486,,0.06825800247921035
2,3,D13,DNF2,4,99.75,11.503344429121324,,-28.650000000000002,0.11880332140488994,,-0.2959108857000089,18.300728582946274,0.0652882197329547,,0.17320508075688854,0.02541568860728232,,0.06344513742751774
2,3,F8,RPL12B,4,94.75,12.264795330503327,,-30.525,0.12966920862966722,,-0.3227265009096422,6.652067347825035,0.4992090007219181,,1.23659478676997,0.004488184948259955,,0.011169936342594469
2,3,G8,MET8,4,97.25,11.242611217643525,,-28.0,0.11576532502805299,,-0.2883065211496497,3.8622100754188224,0.17574429354448895,,0.42426406871192895,0.005672962052903108,,0.01380191323955945
2,3,H10,PPM1,4,96.75,11.2222850413095,,-27.925,0.11632351598946969,,-0.2894589474258352,6.130524719249839,0.07105882599419498,,0.15000000000000066,0.006992611635918338,,0.017476842973820766
2,3,H6,NPL3,1,69.0,10.975845410627999,,-27.3,0.15907022334243476,,-0.39565217391304347,,,,,,,
2,3,M18,SLM6,1,70.0,11.319047619047598,,-28.2,0.16170068027210854,,-0.40285714285714286,,,,,,,
2,3,M22,MRPL37,3,64.0,11.893772177898365,,-29.633333333333336,0.18665677902008707,,-0.4650354974108222,4.358898943540674,0.500421567170208,,1.2096831541082718,0.018842423298893875,,0.046412559807287576
2,3,N20,VMA8,1,24.0,9.58333333333333,,-23.9,0.3993055555555554,,-0.9958333333333332,,,,,,,
2,3,O15,SSE1,4,41.0,11.240827030967123,,-27.999999999999996,0.28849574695359875,,-0.7185976182581787,11.69045194450012,0.28046799458436844,,0.7071067811865471,0.0672634654865687,,0.16741986457474606
2,3,O20,RRG1,1,22.0,10.409090909090901,,-25.9,0.47314049586776824,,-1.1772727272727272,,,,,,,
2,4,C20,RNR4,1,34.0,9.843137254901961,,-24.5,0.2895040369088812,,-0.7205882352941176,,,,,,,
2,4,D15,SSF1,4,97.25,12.111248353096174,,-30.174999999999997,0.127802030319645,,-0.3184241483154527,24.01908963026423,1.048169376069801,,2.6081602711489973,0.01766629795310021,,0.04405751589635803
2,4,F7,LRP1,2,58.5,11.879118773946349,,-29.55,0.26648412383846376,,-0.6628735632183909,40.30508652763321,0.029530513084050494,,0.07071067811865576,0.1841059176518608,,0.4579125982994264
2,4,G10,SER2,3,27.0,11.353086419753097,,-28.3,0.46101682189011667,,-1.1491150097465885,10.14889156509222,0.4804166763331171,,1.2165525060596454,0.17037113372964424,,0.42463057067652393
2,4,H5,GEP4,4,91.5,12.795564243196875,,-31.875,0.14010106785866272,,-0.34900998050004534,4.358898943540676,0.18616128027191578,,0.4499999999999998,0.007485676911962938,,0.018719854757155797
2,4,K17,ILV1,1,91.0,11.586080586080598,,-28.8,0.12731956688000656,,-0.31648351648351647,,,,,,,
2,4,K2,RPL8A,4,93.25,12.1236292263603,,-30.174999999999997,0.1306176018598589,,-0.3251008118865262,6.551081335677846,0.2278556880186998,,0.5737304826019491,0.011544373683969496,,0.02875694750990874
2,4,N14,URA4,1,56.0,11.476190476190501,,-28.6,0.2049319727891161,,-0.5107142857142858,,,,,,,
2,5,B21,CAX4,1,28.0,10.261904761904802,,-25.6,0.3664965986394572,,-0.9142857142857144,,,,,,,
2,5,C10,VMA5,3,28.333333333333332,11.810945273631866,,-29.400000000000002,0.9671432775316356,,-2.4074074074074074,33.4863156129983,0.9168509849238144,,2.2869193252058544,0.6986037693875348,,1.7390338361077315
2,5,C19,SWI6,1,71.0,10.8403755868545,,-27.0,0.15268134629372537,,-0.38028169014084506,,,,,,,
2,5,E18,HSL1,4,87.5,11.958177920290925,,-29.75,0.1379868142058844,,-0.34328597228365026,12.342339054382414,0.6554648680642234,,1.6299284237863543,0.013662172728460893,,0.03394365318744944
2,5,E19,YKE2,3,80.0,11.571359427609432,,-28.8,0.23568791376783457,,-0.5867718855218855,53.70288632839021,0.9863060639955237,,2.451530134426252,0.21217988938053223,,0.5285519092341925
2,5,G18,YKL118W,3,59.666666666666664,11.323421516754834,,-28.2,0.1932599535287363,,-0.48133621933621934,8.504900548115382,0.3877923616384952,,0.9848857801796116,0.03665005121808497,,0.09169395121144963
2,5,G8,KTI12,4,92.25,11.7798190956674,,-29.325000000000003,0.12785841488536315,,-0.318298872398512,4.573474244670748,0.25436738793084784,,0.6130524719249841,0.004778013940217138,,0.011942717781142373
2,5,H10,MCA1,4,99.75,11.368213733986499,,-28.3,0.11410673922640001,,-0.2840561081547097,5.315072906367325,0.34207049696722647,,0.8602325267042628,0.004178106108442709,,0.010441773251948132
2,5,H14,YOR199W,1,59.0,11.7570621468927,,-29.3,0.19927223977784236,,-0.4966101694915254,,,,,,,
2,5,H9,PAC10,4,98.25,11.693217211154849,,-29.099999999999998,0.11935051283349411,,-0.2970238205033612,5.852349955359813,0.16886709141442377,,0.4082482904638623,0.0076795828600236685,,0.019184080941218325
2,5,J11,SRB5,2,20.5,9.786764705882334,,-24.35,0.4891928585159546,,-1.2170343137254904,4.949747468305833,0.4194113751155299,,1.0606601717798212,0.09765706038229809,,0.2421147483621587
2,5,J13,VMA21,1,19.0,10.087719298245599,,-25.1,0.5309325946445052,,-1.3210526315789475,,,,,,,
2,5,J2,NPT1,4,87.0,12.332777299586601,,-30.700000000000003,0.15266729403845472,,-0.38011209325907613,32.7414110874898,1.257548600746896,,3.108054053584011,0.038981459824215824,,0.09731224148767774
2,5,L1,RPS23A,2,96.0,13.383886946386951,,-33.3,0.1405382750990269,,-0.3496503496503497,11.313708498984761,0.23920482895033618,,0.5656854249492386,0.019054311524696405,,0.047099245390222894
2,5,M17,VPS24,4,88.5,13.297160534846574,,-33.125,0.23856896898254112,,-0.5944381353222601,62.782694006124544,1.1159965235896612,,2.7717323103070375,0.19247794646666025,,0.47975761570007347
2,6,D17,MMS22,3,55.333333333333336,11.552709190672166,,-28.8,0.22891976367084976,,-0.5707716049382716,22.368132093076824,0.11485096178148999,,0.2645751311064584,0.07515971404149817,,0.18770143120073873
2,6,H4,RAI1,4,92.5,11.657660703141275,,-29.025,0.1261828484627633,,-0.3141691803619721,3.316624790355399,0.10165534473089302,,0.26299556396765833,0.005736046730028808,,0.014357311996085396
2,6,N10,RPS6A,1,83.0,12.4056224899598,,-30.9,0.14946533120433494,,-0.372289156626506,,,,,,,
2,6,O22,GUF1,1,64.0,11.885416666666698,,-29.6,0.18570963541666716,,-0.4625,,,,,,,
2,7,C15,YPL041C,1,79.0,11.9704641350211,,-29.8,0.1515248624686215,,-0.37721518987341773,,,,,,,
2,7,H15,SHP1,1,20.0,10.2166666666667,,-25.4,0.510833333333335,,-1.27,,,,,,,
2,7,I8,RPL29,2,62.5,11.02574282786885,,-27.450000000000003,0.1765414583718254,,-0.43951075819672136,2.1213203435596424,0.10269711704220079,,0.2121320343559635,0.007635169666688696,,0.018311602350911872
2,7,L6,JJJ1,4,96.5,12.0090851267834,,-29.875,0.13212962590527,,-0.32867950082181346,25.212430796467576,0.5122349389616342,,1.284198842339716,0.03927673079276139,,0.09760783509830481
2,7,M9,VPS66,4,95.0,12.6143506614921,,-31.4,0.13330001480236164,,-0.33182148096643516,4.96655480858378,0.6674261751093999,,1.6792855623746654,0.013813439735592428,,0.03458155366353231
2,8,B10,ZUO1,3,63.333333333333336,11.443884995426133,,-28.5,0.23395613106664756,,-0.5829169596213891,33.17127271199182,0.2712722713132744,,0.6557438524302,0.1559520691278456,,0.38927530443280595
2,8,B22,YHR039C-B,3,69.66666666666667,12.266877866877868,,-30.53333333333333,0.17668997711765752,,-0.4398208098208098,4.509249752822894,0.49930566101597607,,1.2503332889007377,0.015374507053200277,,0.038724558446237366
2,8,D14,MRS1,1,29.0,10.4137931034483,,-25.9,0.35909631391201036,,-0.893103448275862,,,,,,,
2,8,G7,VPS1,4,74.75,11.880181381925551,,-29.575,0.1610258864436265,,-0.40090378562685786,10.812801055539063,0.505642707813571,,1.2579745625409129,0.019983564561118588,,0.05022741155901336
2,8,H7,BUD27,3,48.0,11.221206077872766,,-27.96666666666667,0.3749655286888916,,-0.9342450142450143,45.21061822182926,1.056493777886492,,2.650157228040126,0.23794775496178217,,0.592518347447362
2,8,I9,VPS51,4,88.5,12.02118120385725,,-29.950000000000003,0.16312060485737118,,-0.4064586697248372,41.25126260693928,1.0993807915184775,,2.7306897785480277,0.08483206562989251,,0.2115344006441463
2,9,B2,ZAP1,4,99.25,12.9555831888119,,-32.125,0.13182368982124537,,-0.32692914964891173,13.32603967176045,0.5066774298788015,,1.3450526631573456,0.013286839559206424,,0.03408506958684342
2,9,B5,VMA13,1,28.0,8.97619047619048,,-22.4,0.3205782312925171,,-0.7999999999999999,,,,,,,
2,9,I21,SSZ1,2,67.0,12.81985185185185,,-31.95,0.7746905020576114,,-1.9311555555555555,82.02438661763951,0.30714623443535327,,0.7778174593052033,0.9529949176749571,,2.375815930850694
2,9,J3,SPT10,2,50.0,10.37587657784011,,-25.85,0.23480800582079372,,-0.5851566152407668,26.870057685088806,1.2310732366239832,,3.040559159102156,0.10156462849402823,,0.2536526569445712
2,9,K12,HFD1,4,57.5,11.880876717242725,,-29.575,0.26740028479051625,,-0.6658066690107829,30.46856303361439,0.5085512432399099,,1.2685293322058682,0.1579741810492056,,0.39352464905261597
2,9,L14,YJR111C,4,62.25,11.3189754856614,,-28.2,0.2979912143724911,,-0.7420126040703052,37.70389016180337,0.11183046264347532,,0.29439202887759625,0.27915424584388165,,0.6943250789111431
2,9,L4,VPS25,4,81.75,12.71128673309665,,-31.674999999999997,0.4416463854170504,,-1.1000936174137612,57.418783221753024,1.349437886691193,,3.356957948301805,0.6253437568064126,,1.5572596474288218
2,9,M23,RPL13B,4,27.5,12.038997027928325,,-29.975,0.44373136107197736,,-1.1047330000864952,3.872983346207417,0.9848621398838437,,2.448639077800838,0.06476052337559884,,0.1606027138979402
2,9,N15,SCP160,4,65.25,11.541145081770075,,-28.75,0.2092774051791795,,-0.5213099747474748,28.860295678781025,0.5280839337009615,,1.302561578838661,0.10107938343330253,,0.2518513736629993
2,10,A12,RSM7,4,86.25,13.368969696969675,,-33.275,0.17760354820936608,,-0.44204242424242424,37.686204372422544,1.2199492319593943,,3.039051387083366,0.07047342956056078,,0.1753339173962975
2,10,B3,VPS54,2,80.0,13.859237272890848,,-34.55,0.19097762733031107,,-0.4760838280266235,41.012193308819754,2.2966024346686673,,5.727564927611033,0.06919761168827236,,0.17247096323274683
2,10,C21,RPL6B,2,54.5,12.374463276836199,,-30.799999999999997,0.2279603945226475,,-0.5673389830508475,6.363961030678928,0.6049957680389423,,1.5556349186104053,0.015518078885162956,,0.03770437175615048
2,10,D6,HIT1,4,78.0,12.500967328498975,,-31.1,0.16065811618569747,,-0.39969262014356954,4.96655480858378,0.6214870737422854,,1.5513435037626793,0.010936847918409256,,0.02736512602512482
2,10,E17,YML010C-B,3,46.333333333333336,11.205486968449932,,-27.900000000000002,0.29518727787817894,,-0.7346061140505585,30.03886371574886,1.0953798995367419,,2.7622454633866265,0.12364794300633264,,0.30699398480795154
2,10,E6,PGU1,4,90.25,12.895255343472575,,-32.075,0.14521456532082735,,-0.3611991642158244,13.598406769422171,0.28249430858026964,,0.6898067362191619,0.020931374370318584,,0.052029350028725864
2,10,E8,BYE1,4,83.0,12.678043542980625,,-31.6,0.15299464454087117,,-0.3813368259943206,5.47722557505166,0.4202208611513614,,1.0583005244258359,0.005236727361616719,,0.013106798208609036
2,10,E9,YLR456W,4,58.0,11.669645873944125,,-29.074999999999996,0.23980652977111028,,-0.5975482456140351,23.021728866442675,0.14653293554384583,,0.4031128874149281,0.1339791698153078,,0.33423909200964136
2,10,F7,APE3,4,79.25,12.407072641640324,,-30.9,0.1571067078100646,,-0.39128409806785075,5.90903263374528,0.28431049891260995,,0.7071067811865474,0.010314038230097288,,0.02585431349921324
2,10,F8,PHO2,3,48.0,11.606146164722533,,-28.933333333333337,0.2989404055767848,,-0.7452403676210674,29.13760456866693,1.1505057416300728,,2.8676354952004175,0.14704606778961307,,0.3665031924619714
2,10,G7,PAI3,4,84.25,12.343172090104101,,-30.749999999999996,0.14782115104459137,,-0.3682586668824397,10.874281585465774,0.569518847918065,,1.4200938936093872,0.013596718722298222,,0.0338544053841671
2,10,G8,RPL35A,4,95.0,12.752964615994175,,-31.775,0.13750734195595807,,-0.3426458121740937,20.346989949375804,0.6515608615037265,,1.594521871910198,0.020813798434878333,,0.052048316499447314
2,10,G9,SIP18,4,91.75,12.718549968549947,,-31.700000000000003,0.1460798428558444,,-0.3640842490842491,25.276800957927144,0.399691478909496,,0.9966610925150698,0.03622399051475169,,0.09023984048224919
2,10,H19,FEN2,4,83.5,13.15899605078675,,-32.75,0.16185673861162816,,-0.4028248845922774,15.926916420533722,0.5411168051233884,,1.347837774610384,0.029875949564504917,,0.07434452183720135
2,10,I10,PRR2,4,80.75,12.095168167041773,,-30.1,0.15359993953695994,,-0.3822157414353588,16.152915113584505,0.4753034788397102,,1.2027745701779142,0.02545151317447338,,0.06311934048854824
2,10,I8,NOP6,4,89.75,12.259801189149027,,-30.5,0.1367635875752996,,-0.34023630355152096,3.8622100754188224,0.15949969895260382,,0.40824829046386246,0.005296090818368319,,0.013044086079598609
2,10,I9,YNR062C,4,53.25,11.753732573332876,,-29.275,0.3502279016273566,,-0.8721625849606214,27.035470527931757,0.4589554202068329,,1.1412712210513325,0.34137088114880865,,0.8498967944795965
2,10,J10,RDI1,4,77.75,11.817253768159052,,-29.425,0.15234797374220221,,-0.379359196043433,5.123475382979799,0.3034705953989922,,0.7455423082115027,0.00778934956015299,,0.01966198289436524
2,10,J12,RPL35B,1,29.0,10.195402298850599,,-25.4,0.35156559651208963,,-0.8758620689655172,,,,,,,
2,10,J9,YCR049C,4,76.25,12.39749607884275,,-30.875,0.16353669015157218,,-0.40726839447341606,6.994045086119095,0.18248391655284094,,0.47169905660283074,0.013792226443462983,,0.03426917617693542
2,10,K10,PTP1,4,88.0,12.628322963555926,,-31.45,0.14837600478056698,,-0.36950720978917384,19.165942015286735,0.735751425124158,,1.8193405398660252,0.03109929308684634,,0.07728822633937503
2,10,K11,YCL022C,4,89.75,12.417911827424525,,-30.9,0.13860061694484033,,-0.34488264322569945,5.377421934967228,0.3094053502000709,,0.7788880963698596,0.005564642067608913,,0.013811746359120402
2,10,L11,SRB8,4,46.75,11.739971999814875,,-29.225,0.26138539323924076,,-0.6505905262183551,12.093386622447825,0.6309820932824847,,1.5924300089276546,0.05364490884802794,,0.13311211522829897
2,10,L2,BUD30,4,70.0,13.301966258832426,,-33.125,0.39477519218526047,,-0.9833578745198464,42.13470461903504,1.0465410624578624,,2.6017622233145485,0.47915183856514504,,1.1938382254947804
2,10,M21,MOG1,3,92.0,13.265060865060867,,-33.06666666666667,0.14638878625475363,,-0.3649009324009324,16.3707055437449,0.719688807822033,,1.7953644012660313,0.019438444259809326,,0.048316682305426725
2,10,M3,YGL214W,2,82.0,13.50958333333335,,-33.65,0.17159973958333358,,-0.42734374999999997,25.45584412271571,0.7501224437087057,,1.9091883092036803,0.044123094861259045,,0.10938058021479406
2,10,N15,VPS53,1,28.0,10.3571428571429,,-25.8,0.369897959183675,,-0.9214285714285715,,,,,,,
2,10,O22,FYV1,2,94.0,13.13519529284245,,-32.7,0.14205667731828098,,-0.35365230519103474,21.213203435596427,1.080299745793732,,2.6870057685088797,0.0205657175483387,,0.051224388584852905
2,11,A10,GAL10,1,20.0,10.65,,-26.5,0.5325,,-1.325,,,,,,,
2,11,J16,CTK1,4,91.0,11.771646313193123,,-29.324999999999996,0.12961321379306406,,-0.3228746383665294,4.69041575982343,0.19877496513689524,,0.478713553878168,0.006926612863132328,,0.016896153603968678
2,11,L12,BCH2,4,45.0,11.380642449919574,,-28.349999999999998,0.7144100111355323,,-1.7798063382400733,40.56270865380335,0.4191187322183661,,1.0472185381603332,0.7376612514694812,,1.8376828380346373
2,11,L19,MSK1,2,15.0,9.742835595776775,,-24.25,0.6626775318550673,,-1.6490950226244343,2.8284271247461903,0.21863784335330577,,0.4949747468305853,0.13953152996080231,,0.3439546560070312
2,11,M22,YDJ1,4,82.75,11.688172563264674,,-29.074999999999996,0.15052790117374124,,-0.3744206726704884,29.7587522139846,0.9092598312453758,,2.2677080940897127,0.035246626290280234,,0.08755630062949586
2,12,E7,CYS4,4,66.5,11.395445305480674,,-28.400000000000002,0.2449357304641995,,-0.6104930929919137,42.24926034855522,0.2403206508197694,,0.6055300708194998,0.15511007460812432,,0.38668446623342245
2,12,H9,SLX5,2,77.0,11.2221842225262,,-27.95,0.1477513173054668,,-0.367937756497948,12.727922061357855,0.009189486212387007,,0.07071067811865576,0.024303607336552593,,0.05990094038984533
2,12,I8,POP2,1,26.0,10.307692307692301,,-25.7,0.3964497041420116,,-0.9884615384615384,,,,,,,
2,12,J11,SLM3,4,83.25,12.34508237397255,,-30.75,0.15960920744669727,,-0.39752649838462195,33.92516273603808,1.372143454455044,,3.421987726453733,0.03810297032507475,,0.09466027023413702
2,12,J18,PSP1,4,99.75,12.525769652918026,,-31.175000000000004,0.23567522382665967,,-0.5868564852065716,55.451931135594066,0.9614478813877495,,2.375394704043941,0.26814136276746,,0.6680677024622685
2,12,J9,YDL032W,4,93.75,13.347275070464349,,-33.25,0.15280954838808467,,-0.38068584199222155,27.64507189355817,0.6654035334774404,,1.6542873591570066,0.04806892274202762,,0.11980999710053136
2,12,K12,RPL43A,1,14.0,11.452380952381,,-28.5,0.8180272108843571,,-2.0357142857142856,,,,,,,
2,12,K4,YME1,1,16.0,9.95833333333333,,-24.8,0.6223958333333331,,-1.55,,,,,,,
2,12,P1,YDL073W,1,46.0,15.1304347826087,,-34.5,0.32892249527410217,,-0.75,,,,,,,
2,12,P15,RPP1A,2,71.5,11.5782004830918,,-28.799999999999997,0.2795951699572926,,-0.6951268115942029,68.58935777509511,1.637532914160842,,4.101219330881977,0.2453107724507472,,0.6094696817987963
2,12,P19,RPS16B,4,72.25,13.283850489285275,,-33.074999999999996,0.5954052877069175,,-1.4827025269416572,77.88185496849272,2.5883267077194145,,6.41683982450344,0.7372917327525036,,1.8353442885755196
2,13,B16,BUR2,1,90.0,11.0074074074074,,-27.4,0.12230452674897112,,-0.3044444444444444,,,,,,,
2,13,B19,CHC1,1,77.0,11.3463203463203,,-28.3,0.14735480969247144,,-0.36753246753246754,,,,,,,
2,13,B20,MDJ1,3,77.66666666666667,12.479740065536767,,-31.066666666666666,0.1611186978325531,,-0.40108118469690207,5.686240703077328,0.33292747196015,,0.8504900548115369,0.009509777228645747,,0.023738393885418447
2,13,B23,BDF1,2,60.5,11.5108134920635,,-28.65,0.38609628921012856,,-0.9615476190476191,62.932503525602726,1.5178944971542288,,3.7476659402887034,0.37653076999643503,,0.9382633551315784
2,13,B4,IES6,2,41.5,10.447032436162871,,-26.0,0.4259182458952915,,-1.060041407867495,38.890872965260115,1.1372756063183254,,2.8284271247461903,0.3717363081537801,,0.9252411712420248
2,13,B6,AIM10,4,98.25,13.608332912860625,,-33.9,0.14021905935782508,,-0.3493224608104431,15.173990905493518,0.8414931728263261,,2.0736441353327715,0.015502911696636921,,0.0387092626591586
2,13,D12,BUD25,2,62.0,10.883615819208998,,-27.1,0.17607171531905735,,-0.4384354628422425,4.242640687119285,0.21253152971255668,,0.5656854249492372,0.015476460531872151,,0.03912596061741468
2,13,D18,YNL296W,1,26.0,11.4102564102564,,-28.4,0.4388560157790923,,-1.0923076923076922,,,,,,,
2,13,D21,SMI1,2,67.5,11.645851624231799,,-29.0,0.17256145067412024,,-0.42970807726075505,0.7071067811865476,0.2686571198933014,,0.7071067811865476,0.005787799879057204,,0.014977130022937178
2,13,D5,DOC1,3,65.0,11.392712170395464,,-28.399999999999995,0.22611657430213752,,-0.563428791418397,32.92415526630866,0.5572799248505095,,1.4106735979665883,0.1506698891310403,,0.3748820456458945
2,13,F2,ROX3,3,65.33333333333333,11.6394957983193,,-28.96666666666667,0.22159675074511562,,-0.5516466586634654,34.07834111768548,0.9577303628886343,,2.3860706890897703,0.13234798484939472,,0.3299764915785335
2,13,J23,COX16,4,54.5,12.146423943140476,,-30.25,0.24563396993889886,,-0.6117092311062355,22.72296928953902,0.836838729412717,,2.0824664863249693,0.07644036763582668,,0.1901701582202442
2,13,N3,DHH1,1,27.0,11.061728395061701,,-27.5,0.4096936442615445,,-1.0185185185185186,,,,,,,
2,13,P1,ISA2,1,10.0,21.8,,-47.7,2.18,,-4.7700000000000005,,,,,,,
2,13,P15,GLO3,4,56.75,11.302449183248049,,-28.125,0.25661079597811354,,-0.6384432852647324,36.53651141894457,0.8143702907938415,,2.036950334855188,0.13449392523369555,,0.334500695918167
3,1,B22,RPS16A,4,71.5,97.17588080013672,107.5,8.475000000000001,1.5729642927140424,1.7315758519936681,0.13329417478461625,30.2709982216202,5.948357799538714,8.225975119502044,2.1838421798899907,0.7025555887241312,0.7509041026617835,0.055195288268210976
3,1,G13,DEP1,2,61.0,98.5460317460317,106.0,5.5,1.8924846873615344,2.038095238095238,0.11018062397372742,36.76955262170047,13.527064963270158,14.142135623730951,0.0,0.9189959071218383,0.9966838439581814,0.06641462706711086
3,1,G18,RPS0B,4,62.75,91.72936777343381,101.75,7.075,1.7974540205530425,1.9977987138081477,0.13897531304889796,42.224597886382135,11.063109434649727,11.87083260208258,1.0688779163215976,0.6834563273165,0.7709249221982825,0.057248172351950934
3,1,H21,RPS17A,1,37.0,82.8648648648649,91.0,5.1,2.239590942293646,2.4594594594594597,0.13783783783783782,,,,,,,
3,1,K10,BUD20,2,65.0,94.5322449642625,104.0,7.15,1.489325498380635,1.6364522417153995,0.11123294346978557,15.556349186104045,4.166025966025807,5.656854249492381,1.0606601717798212,0.2923452544392582,0.3046210499848479,0.010303359043605147
3,2,C16,RRP6,3,75.0,101.53249488347525,110.0,7.333333333333333,1.7010536430052232,1.8369974252327192,0.12111903347197467,36.864617182333525,4.915700073470157,6.0,0.6027713773341711,1.0683846639670325,1.1391981833338543,0.07134473231670603
3,2,H24,THP1,4,71.0,103.83714872199653,112.75,7.25,1.4993473317293553,1.6315898516937648,0.10810242619386218,14.445299120013633,4.834754863319848,3.685557397915997,1.2688577540449515,0.2435877482178883,0.28716641133574833,0.03973426389697842
3,2,L20,YPL261C,3,70.66666666666667,101.68570500324886,110.33333333333333,6.7,1.6532862216547795,1.7946935239332902,0.10358457873077757,30.8274769213008,10.048978177001537,10.785793124908956,1.5394804318340654,0.7415591792346391,0.8081595151265558,0.030622878167157697
3,2,M13,CLA4,4,98.0,110.86525961881651,122.0,8.225,1.1457018773112075,1.2599457203115738,0.08362662448028302,13.832329280830951,2.9427740597209295,3.9157800414902453,1.4291605927956457,0.13633652155169712,0.14234701618546558,0.0032535924909324844
3,2,M7,RPS19B,4,58.75,94.49347020180363,102.0,5.525,1.7245480420653032,1.8601669851669853,0.0971545409045409,21.281838892977895,8.895644425275508,9.83192080250175,1.5435349040433133,0.43055202121965924,0.4588582770351402,0.021442566169175843
3,2,N14,GAL4,2,33.0,92.21476715686276,99.0,4.5,2.7942781547361593,3.0,0.13575367647058822,1.4142135623730951,4.119156966140074,4.242640687119285,1.1313708498984758,0.005074269777858867,0.0,0.028466247257326095
3,2,N6,HFI1,4,76.75,103.30920602223466,110.0,4.85,1.4089399544979175,1.4992504980561305,0.06539457328355996,19.619293225462194,6.307177434836547,6.97614984548545,1.7136705245369273,0.3324391717658187,0.34798383319272697,0.022134568937711502
3,3,A13,THI6,3,37.666666666666664,79.32951934564836,84.33333333333333,3.3333333333333335,2.263105861599684,2.4016680452164323,0.08779845602426246,12.423096769056148,7.2726420243715735,6.658328118479394,1.4011899704655801,0.748911646798529,0.7702437991111092,0.02328002883310132
3,3,J4,GCN4,2,40.0,87.63192668371696,93.5,4.0,2.2229672642992475,2.3740409207161126,0.10690537084398977,8.48528137423857,6.730776441038729,6.363961030678928,1.6970562748477143,0.30329315705654347,0.34451110438884214,0.0651044606719072
3,3,M18,SLM6,4,52.75,93.37601707349617,100.25,4.8500000000000005,1.9401688534436188,2.077897067918076,0.0966241041871294,21.746647251166483,6.246940856215699,7.8898669190297515,1.420093893609386,0.5744081637176293,0.6036143374586189,0.02514707772769583
3,3,M22,MRPL37,4,67.25,102.41421698893305,109.75,6.55,1.6523011679963973,1.7714970123924352,0.11106382160926097,20.5,7.096083204712361,7.544313531837519,0.8736894948054104,0.5662155866351182,0.6105252615836183,0.0613787647170734
3,3,N20,VMA8,1,51.0,95.61437908496728,101.0,4.5,1.8747917467640645,1.9803921568627452,0.08823529411764706,,,,,,,
3,3,O15,SSE1,4,79.25,105.46505359892176,115.0,7.550000000000001,1.3330390073888203,1.4532598114067057,0.09498923217277647,4.9916597106239795,4.120728810146418,5.887840577551896,1.5968719422671307,0.0614199800397105,0.07562082784075203,0.017763833962837653
3,3,O20,RRG1,1,53.0,99.51572327044019,108.0,7.1,1.8776551560460413,2.0377358490566038,0.1339622641509434,,,,,,,
3,4,C20,RNR4,3,40.0,88.7355366855367,100.0,9.533333333333333,2.2950135481678937,2.589094239094239,0.25100899100899104,10.44030650891055,5.277960773929489,6.244997998398398,2.9143323992525847,0.45702702749921853,0.5390700947952511,0.11361623384958282
3,4,D11,VMA22,2,36.5,87.93396464646466,95.5,5.55,2.424504610498929,2.6340909090909093,0.15598484848484848,4.949747468305833,3.73498801567651,3.5355339059327378,1.3435028842544405,0.22645746690510613,0.26034386034595614,0.057961328579079124
3,4,F7,LRP1,3,81.66666666666667,104.1257762887048,111.66666666666667,5.533333333333334,1.3190799513151992,1.4147983182236237,0.06860386283011431,20.840665376454115,8.203829841374327,8.736894948054106,1.0692676621563628,0.2598846185215551,0.280267296384637,0.005801721625037573
3,4,G10,SER2,4,83.25,104.7270397650725,113.5,5.85,1.2604413052822352,1.366024461470198,0.07057078185954155,4.573474244670748,1.253521951673109,1.2909944487358074,0.6244997998398399,0.06061506825123139,0.06564360436788196,0.01025792063799067
3,4,G3,HOM3,4,46.0,90.98876260599762,96.75,4.2,2.0036278349100263,2.132090109476808,0.09403566199153238,6.2182527020592095,2.257630185231223,2.8722813232690143,1.6970562748477138,0.26102217314178155,0.2976353217731631,0.046493647576193155
3,4,N14,URA4,3,62.333333333333336,93.05619306714676,104.66666666666667,8.533333333333333,1.6645635922335094,1.8678714612992966,0.14687448862706595,30.171730698343,8.804870229334508,10.598742063723098,2.3797758998135374,0.5322287198698337,0.584851500956225,0.040928096889353525
3,5,B21,CAX4,3,52.666666666666664,92.81948329448328,101.0,6.633333333333333,1.8259856986124465,1.9847125097125098,0.12616550116550118,13.012814197295423,3.867286857547615,4.58257569495584,1.5567059238447487,0.3943909943800866,0.41293418590786357,0.004145728767326898
3,5,C10,VMA5,4,72.25,105.82000874609898,112.25,4.7250000000000005,1.6421909814351854,1.7421454998489883,0.07355377906976744,25.064915718988562,8.368408098852871,8.845903006477066,0.49916597106239746,0.6840131931923973,0.7260828704468452,0.03151433073415328
3,5,C19,SWI6,2,76.0,100.67685233688395,110.5,7.35,1.3316829442767615,1.462109306792387,0.09759909202025494,9.899494936611665,5.0290557022474385,4.949747468305833,0.07071067811865545,0.10728859028674294,0.1253210027770815,0.0136433209919877
3,5,F14,YOR186W,1,31.0,85.1720430107527,90.0,3.5,2.7474852584113774,2.903225806451613,0.11290322580645161,,,,,,,
3,5,G18,YKL118W,4,74.5,101.7860622889228,108.75,5.125,1.5291630867682473,1.627792737187661,0.06930151990618905,26.05762844159077,8.956607406898438,10.531698185319721,1.791414710966354,0.6222019492340678,0.6416044374622896,0.006373506481877328
3,5,G20,VPH2,2,43.0,88.01370851370854,94.0,4.0,2.048347185522511,2.187770562770563,0.09285714285714286,1.4142135623730951,1.0693331986774783,1.4142135623730951,0.5656854249492383,0.09223566439284134,0.10484158985125222,0.01010152544552211
3,5,H14,YOR199W,1,73.0,105.324200913242,117.0,6.0,1.442797272784137,1.6027397260273972,0.0821917808219178,,,,,,,
3,5,J11,SRB5,4,66.0,104.10429519296,111.75,5.325,1.6051528128261359,1.7222138433573129,0.0814820684598866,11.343133018115704,2.6102109901425794,3.3040379335998327,0.6238322424070966,0.21583069808508265,0.22528836586587267,0.008861085403353772
3,5,J13,VMA21,3,51.666666666666664,99.44867777228,105.66666666666667,4.166666666666667,1.9758373697632472,2.0981920602900312,0.08199317423463885,11.718930554164633,5.981907673373273,6.50640709864771,0.513160143944688,0.3578319977470748,0.37108748270341213,0.01046755998599278
3,5,J2,NPT1,4,99.25,107.77631028351175,112.0,2.75,1.1549770717485428,1.1991852929139941,0.02768386965069093,31.510580233735254,5.263494288992705,5.887840577551898,1.5416441439796236,0.2931843711967861,0.29854097106978894,0.01214410370930061
3,5,K12,LTV1,3,38.333333333333336,93.51687292892409,101.66666666666667,6.133333333333333,2.594897946457469,2.8153783728951107,0.1643741123960235,12.701705922171765,1.0892585182931454,2.081665999466131,1.2342339054382414,0.7035041707387709,0.7389946227502546,0.02279400192779762
3,5,N5,CEX1,1,54.0,90.8765432098765,96.0,2.6,1.6828989483310464,1.7777777777777777,0.04814814814814815,,,,,,,
3,6,D17,MMS22,4,97.25,107.62392082415849,115.75,6.550000000000001,1.1089609204467008,1.1929400446871896,0.06784107263647224,6.075908711186062,1.9080462265143598,1.7078251276599319,1.4888474289418194,0.04957313220054644,0.05897180481270664,0.017429816739904014
3,6,E7,BUD19,3,36.0,83.76144001144,89.66666666666667,3.5,2.3263178795943698,2.49046904046904,0.09740311740311741,1.0,3.678997889197295,3.2145502536643176,0.36055512754639885,0.06124036453150856,0.035485469638196314,0.012238853182553697
3,6,F21,HOM2,2,85.5,98.7609247967477,108.0,8.1,1.3682731719021943,1.4941565040650406,0.11539634146341464,53.033008588991066,13.794211301348025,15.556349186104045,0.4242640687119292,0.6873617728213696,0.7448335149388786,0.06661463273983025
3,6,L20,VMA7,2,89.5,101.7683057598041,111.0,7.05,1.3595067500518145,1.4805453431372548,0.09223345588235293,54.44722215136416,8.573561402833619,9.899494936611665,1.0606601717798212,0.7312603869666664,0.7900791761603366,0.04425916525625356
3,6,N10,RPS6A,4,67.25,99.28135310374158,109.75,8.05,1.5743535716590535,1.7393781887755102,0.1275797193877551,22.677080940897135,3.488240313529964,4.272001872658764,0.42031734043061664,0.39427704112034506,0.43349268883250713,0.03228569784967535
3,6,O22,GUF1,1,65.0,104.36410256410299,111.0,4.8,1.6056015779092767,1.7076923076923076,0.07384615384615384,,,,,,,
3,7,C15,YPL041C,1,94.0,112.301418439716,122.0,8.1,1.1946959408480426,1.297872340425532,0.08617021276595745,,,,,,,
3,7,D13,RPL19B,1,54.0,93.9567901234568,105.0,8.8,1.7399405578417926,1.9444444444444444,0.16296296296296298,,,,,,,
3,7,H15,SHP1,3,57.333333333333336,96.43871629702109,105.66666666666667,6.766666666666666,1.829209437279224,2.0033247716894977,0.12372105348988909,19.857828011475306,5.947943475755063,6.658328118479392,1.2741009902410931,0.6392535913855142,0.6968856439018715,0.02467652903327195
3,7,H17,YBL059W,1,66.0,100.94949494949499,109.0,6.2,1.5295378022650756,1.6515151515151516,0.09393939393939395,,,,,,,
3,7,I8,RPL29,4,65.5,100.05459008220254,107.5,5.125,1.7161256070931974,1.833815117466803,0.0789177367576244,27.258026340878022,10.380986840827163,12.767145334803704,1.990602923739438,0.6100213875291878,0.6218979247376045,0.004850719190887001
3,8,B10,ZUO1,4,92.0,106.81829963693576,118.5,8.425,1.1758889468521112,1.3051433403718555,0.09286157594052245,12.027745701779143,2.394883951858432,4.654746681256311,2.8394541729001372,0.15493664783989555,0.18364335278544902,0.032843149705217456
3,8,B22,YHR039C-B,4,68.5,104.49395958057926,115.25,9.225000000000001,1.54636845102081,1.709800325293283,0.14061848980863068,9.110433579144297,2.16531766527994,3.3040379335998336,2.693665408571253,0.21031773593549552,0.27619118045542773,0.06191050577845414
3,8,D14,MRS1,4,81.0,104.19254967400475,113.75,7.3,1.2868918820614712,1.4048978320690169,0.09015208984084486,1.4142135623730958,4.602346591716637,4.349329450233296,0.9092121131323904,0.06797405266696198,0.06643373412101182,0.011522236653337799
3,8,E15,SAC1,3,45.333333333333336,93.31122521751517,103.0,7.333333333333333,2.1037405185213234,2.3240621879903007,0.16581086863500216,10.214368964029708,6.227752151084597,6.244997998398398,0.5033222956847165,0.30228171413491906,0.3462721947180253,0.02894739214050056
3,8,G7,VPS1,4,92.25,110.6274607602,119.25,5.35,1.2147648584487036,1.3096477830301283,0.05884807926144715,12.257650672131263,1.7088661162432068,1.258305739211793,0.5196152422706635,0.15926149853037858,0.17272834260822864,0.009716310962651813
3,8,H7,BUD27,4,86.75,104.03682556903149,111.25,4.9,1.2737738531187837,1.3573147323912318,0.05634550832684248,28.558419657490383,3.0323665788149756,5.188127472091126,1.8165902124584947,0.3067080033310391,0.30855041440747827,0.0072257734269878075
3,9,B5,VMA13,4,51.5,94.48408011575128,101.5,4.7250000000000005,1.8349845078351765,1.9704589211327757,0.0905046032134981,3.000000000000001,6.250778555548907,7.325753658611968,1.774589154330282,0.07241260991929784,0.07168186710836723,0.029110069775608576
3,9,C4,RPS7A,2,48.0,92.7704174228675,99.5,5.15,1.9883363910746887,2.132940108892922,0.10966424682395644,14.142135623730951,9.996599134633035,10.606601717798213,0.777817459305203,0.37755674528218663,0.4074526370721032,0.016105608174031154
3,9,E6,VPS9,3,32.666666666666664,85.13194444444447,91.33333333333333,3.966666666666667,2.606816866582492,2.7964015151515156,0.12127525252525251,0.5773502691896263,0.5649413063310627,0.5773502691896247,0.5131601439446885,0.06292204354953543,0.043714730634786925,0.013783316622297372
3,9,F20,PPA1,1,46.0,91.0942028985507,97.0,4.0,1.9803087586641457,2.108695652173913,0.08695652173913043,,,,,,,
3,9,F4,PRS3,4,49.75,92.51548053010819,99.25,5.5,1.8703357868003418,2.007192275809297,0.1122878451335898,5.315072906367324,3.7989606616571656,3.7749172176353767,1.0645812948447537,0.14172311319157987,0.16147651407332458,0.028975812555878798
3,9,I11,SNF6,3,49.333333333333336,96.98132413459213,104.66666666666667,5.266666666666667,2.068772616472825,2.230464778503994,0.110119825708061,13.613718571108093,4.3988242121111805,5.131601439446886,1.1930353445448851,0.5631058152408419,0.5945400279727354,0.02473254633112846
3,9,I21,SSZ1,4,83.0,96.19079161209379,107.75,8.125,1.2676261107461086,1.4186467313864621,0.10571508117560703,35.4682957019364,5.448138040860913,6.3966136874651625,0.9878427675158299,0.34079717265691156,0.37701776571785894,0.025412651551084908
3,9,J3,SPT10,4,57.75,92.3614054596197,98.25,4.875,1.7386412535233733,1.8480180533751964,0.088955389848247,22.85278976405288,5.266284093219628,5.737304826019502,1.0144785195688801,0.4828984170197999,0.5053148351474342,0.019085391586434748
3,9,M23,RPL13B,4,69.75,96.88486880297225,105.0,6.65,1.4047660477070512,1.5218238418669452,0.09626934368313679,8.180260794538686,0.2557687384636575,0.8164965809277246,0.5567764362830022,0.17912393365679583,0.18717840729062393,0.013166983210904325
3,10,B3,VPS54,3,81.66666666666667,107.9607006867622,114.0,4.7,1.7909527301648793,1.8846280395038806,0.06912549960031975,54.30776494511014,12.577453719484893,14.106735979665885,1.6522711641858308,1.1284108366504124,1.1769136961840734,0.02780959168232735
3,10,C19,VMA6,1,36.0,83.3148148148148,91.0,4.7,2.314300411522633,2.5277777777777777,0.13055555555555556,,,,,,,
3,10,C21,RPL6B,2,92.5,103.42206192822002,111.5,7.1,1.12142248690914,1.208714520290875,0.07657752756274924,7.7781745930520225,1.3608861332969238,2.1213203435596424,0.9899494936611665,0.07958631094548069,0.0787056457126475,0.004262876912149717
3,10,C22,MGM101,1,47.0,95.77304964539009,102.0,5.9,2.0377244605402147,2.1702127659574466,0.12553191489361704,,,,,,,
3,10,D20,RPA12,3,37.333333333333336,89.93167701863354,98.0,6.6000000000000005,2.473681446479439,2.6904094035931343,0.17416816937153543,7.76745346515403,1.5573446117661567,3.0,2.47588368062799,0.4749718496396051,0.48326164466028604,0.03602475676080159
3,10,E17,YML010C-B,4,93.5,99.49532045556273,110.0,8.1,1.131008752248255,1.2521689468374277,0.0935186547742213,32.3367695768558,6.276127835646644,6.0553007081949835,1.219289410544792,0.25960410244596055,0.294746914368174,0.03306394815943888
3,10,F22,NUP84,4,43.75,91.79892394427277,100.5,7.925000000000001,2.127898579080256,2.329752127717244,0.1827790426627636,6.551081335677848,3.366654763800078,3.109126351029606,1.7519037264263886,0.26769353153577274,0.2913027994839584,0.040422669186860535
3,10,F8,PHO2,4,94.5,105.91674827300174,113.0,5.1,1.201540631054203,1.2773553799002224,0.05496402489123753,31.22498999199199,5.1568767539666736,7.164728420068226,1.416568624058385,0.32910203726433856,0.3319524983699325,0.0072695955900209785
3,10,J12,RPL35B,3,78.0,99.27970810785497,107.66666666666667,5.966666666666666,1.3483558756374423,1.4604750860917843,0.07775809965563285,23.430749027719962,7.204940254200662,8.386497083606086,1.6502525059315418,0.37730475600567165,0.4001402202350314,0.011468069207760778
3,10,K14,OST4,2,56.5,93.59845155890355,103.5,7.550000000000001,1.6587021425474262,1.833490269930948,0.13400816070307597,3.5355339059327378,2.085957606438114,3.5355339059327378,0.2121320343559638,0.06687504528109008,0.05215633822311312,0.012140220003422523
3,10,M10,AAD4,1,62.0,103.10752688171999,112.0,6.5,1.663024627124516,1.8064516129032258,0.10483870967741936,,,,,,,
3,10,M3,YGL214W,4,73.5,94.4508614075469,103.5,7.1,1.4935487062186443,1.6322452395898723,0.11447478551998325,34.895080837657716,8.74630282722363,10.344080432788598,0.35590260840104365,0.6122678755061478,0.6590731080794046,0.05406700719410763
3,10,N15,VPS53,4,52.75,93.21653633105245,101.0,5.9750000000000005,1.892382994811499,2.0552442265395894,0.12618921065493646,15.649813630413197,7.693005017327087,7.615773105863909,0.6184658438426491,0.5664281338141346,0.6359459670788774,0.06044878992722091
3,11,A10,GAL10,3,57.0,102.84365730719908,110.0,5.8,1.8443937450254595,1.9689078282828285,0.09999323593073593,11.269427669584644,8.465260633283027,11.357816691600547,2.8792360097775935,0.3222106226743673,0.3282941719946674,0.03729652773937197
3,11,K12,FYV6,1,32.0,82.7916666666667,92.0,7.9,2.5872395833333344,2.875,0.246875,,,,,,,
3,11,L12,BCH2,4,89.25,106.5667113114265,116.0,6.9,1.2063320468525658,1.313144418872267,0.07820716660273622,11.84271928232701,3.7715824191571503,3.915780041490244,0.4898979485566355,0.12552674257318902,0.13625228731176,0.010676371669580327
3,11,L19,MSK1,4,64.5,95.84715406020743,104.75,6.525,1.4951144064704007,1.6331634553222587,0.10067448773083733,6.137317546507322,0.8152345953522073,1.707825127659933,1.0688779163215971,0.12806000450622698,0.12875800687131914,0.006946189193891351
3,11,M22,YDJ1,4,88.5,100.19007780963177,110.25,7.925000000000001,1.2113323206442548,1.334284604661278,0.09580056075959575,30.072135496724094,3.41778994160542,3.304037933599835,0.33040379335998327,0.31426404719445683,0.3514525021321382,0.025248672952912082
3,12,A17,BUD23,3,95.66666666666667,102.66918427679684,110.0,6.666666666666667,1.4675084941950152,1.5721653131816702,0.09397936718764215,75.63949585589089,11.131966276870704,12.288205727444508,0.9712534856222312,0.7716612654183657,0.8286162197334747,0.048228131048775325
3,12,B11,AGP2,3,37.0,96.99128406440246,100.66666666666667,3.2999999999999994,2.664265601480036,2.7677077999658644,0.09102235876429425,7.211102550927978,6.17020078284608,5.6862407030773285,0.09999999999999981,0.3310521620161641,0.36334177772177917,0.014120829051690893
3,12,C13,TUP1,2,38.0,89.35585585585585,96.0,4.5,2.3561180723342883,2.5308385308385306,0.11808731808731807,1.4142135623730951,6.160110427093624,5.656854249492381,0.848528137423857,0.2497938041984509,0.24305264273633242,0.017934932911592254
3,12,H9,SLX5,4,84.0,106.44333312353652,113.25,5.025,1.4702805890010227,1.561839099476729,0.06545523568440575,31.3581462037113,4.035401507393815,4.645786621588782,0.9878427675158298,0.7447027109521872,0.7828536832011536,0.020872041844235904
3,12,I8,POP2,3,77.0,98.20154316280598,107.66666666666667,6.2,1.2820553447032845,1.4047096476163319,0.0805023800945849,7.211102550927978,1.27892520738826,2.516611478423585,0.6557438524302005,0.10755802421026722,0.10348174546387066,0.0030128898525389205
3,12,K12,RPL43A,2,74.0,102.01085858585876,110.0,4.95,1.4211692684419979,1.5337121212121212,0.06871212121212121,19.79898987322333,4.548696500996643,4.242640687119285,0.3535533905932738,0.3187705331489552,0.35301770363782936,0.013606448668286598
3,12,K4,YME1,1,62.0,99.38172043010749,103.0,2.8,1.6029309746791531,1.6612903225806452,0.04516129032258064,,,,,,,
3,12,P15,RPP1A,4,75.25,98.85622942726312,107.75,7.050000000000001,1.502626068511008,1.6451177206465726,0.10969073577341293,36.31689230463789,9.447572539919294,9.742518497116988,0.34156502553198637,0.5558443783607385,0.6319434221767828,0.047308571523300036
3,13,B10,RPL27A,1,44.0,94.9924242424242,101.0,4.9,2.1589187327823685,2.2954545454545454,0.11136363636363637,,,,,,,
3,13,B15,VPS34,4,65.75,99.71437901720907,106.5,5.95,2.2353555995191585,2.3896727486350127,0.13107039187227867,62.27559714687608,12.142812809523472,12.396235987858034,1.2714820748507103,1.0405542426625736,1.1059553477395212,0.05962841481354063
3,13,B16,BUR2,2,83.0,103.1999081726354,108.5,4.9,1.511542961124729,1.6015610651974288,0.08306703397612487,53.74011537017761,12.476376453431518,10.606601717798213,1.697056274847714,0.8283628513782084,0.9091743939553754,0.07422997908654372
3,13,B19,CHC1,2,74.5,100.99176867876722,112.0,9.05,1.5683354860988465,1.7310046433094133,0.13297804981004643,40.30508652763321,4.620420966866487,7.0710678118654755,2.1920310216782966,0.7864627718752377,0.8415734780732255,0.04251893667371199
3,13,B20,MDJ1,3,91.0,112.618835031002,119.0,5.533333333333334,1.2384417871842668,1.3089343646847154,0.06115626815135931,2.6457513110645907,1.8352394885454708,3.0,1.5502687938977975,0.04868098030909539,0.06770446546878538,0.019033749969121015
3,13,B23,BDF1,3,64.66666666666667,101.4150636802813,108.66666666666667,6.366666666666667,2.0160644133955734,2.166534914361001,0.12646903820816865,44.071910933533765,5.235194138304287,5.773502691896256,2.274496281230931,1.0061511719264649,1.0836907701675471,0.0724649454928905
3,13,B4,IES6,4,64.0,101.30957740672017,105.75,3.1,1.6370770506677204,1.7076623376623377,0.0494186765615337,14.094916341243982,3.7927649386693036,4.573474244670749,0.6377042156569662,0.335654720371711,0.34380045360274497,0.01014277416870931
3,13,D12,BUD25,4,85.0,110.70212972972574,115.5,4.175,1.3600584908863331,1.4201306047540632,0.05203004600706447,20.016659728003237,1.8696760229156062,1.2909944487358056,0.35939764421413034,0.33101743885292356,0.3517827699257278,0.0168674572294146
3,13,D21,SMI1,2,82.0,106.240906602976,114.5,7.85,1.3014393217228486,1.402672040603075,0.09620092551127035,7.0710678118654755,1.8632758029206513,2.1213203435596424,0.21213203435596445,0.13494928658355024,0.14682572512770384,0.0108826256367119
3,13,D5,DOC1,3,98.0,107.466326741231,112.33333333333333,3.6666666666666665,1.1033125104458128,1.152569758891598,0.0369722125469252,10.535653752852738,2.903743999515571,3.78593889720018,1.0016652800877812,0.09413978433431908,0.08828697196065124,0.006264228678915842
3,13,F2,ROX3,3,85.33333333333333,99.9512711240654,107.0,5.133333333333333,1.1877691711640972,1.2700693340399223,0.058867028793499386,14.742229591663985,4.478090517310125,6.0,1.9502136635080096,0.14317929676776675,0.1411566971481239,0.013843972975467175
3,13,J23,COX16,4,73.75,101.03886540757118,110.0,6.700000000000001,1.4202214955160637,1.54612232158247,0.09333867070230326,19.137659209004635,3.8947214080873107,4.320493798938572,0.6480740698407862,0.259023195353955,0.28191941484335326,0.013101190940519402
3,13,N3,DHH1,2,52.0,91.6220238095238,97.0,4.3,1.7688580640589566,1.8735119047619047,0.084375,5.656854249492381,3.413473806799378,2.8284271247461903,1.1313708498984758,0.12678266249271916,0.14941839721501468,0.030935921676911445
3,13,P15,GLO3,4,86.5,108.35468926076175,116.0,6.675,1.4017099944854632,1.5029938367920113,0.0881212617673064,35.23729085310996,3.708828627881964,4.242640687119287,0.8057087976847882,0.5079475178050171,0.5514697016240242,0.0371441950881137
